{"stats":{"minecraft:used":{"minecraft:redstone_torch":718,"minecraft:item_frame":6,"minecraft:sticky_piston":60,"minecraft:crimson_sign":43,"minecraft:lever":51,"minecraft:glowstone":5,"minecraft:repeater":431,"minecraft:redstone_lamp":216,"minecraft:birch_pressure_plate":1,"minecraft:comparator":16,"minecraft:slime_block":49,"minecraft:light_blue_wool":220,"minecraft:red_wool":90,"minecraft:tnt":6,"minecraft:orange_wool":1477,"minecraft:iron_block":3043,"minecraft:grass_block":274,"minecraft:lime_wool":942,"minecraft:redstone":4504,"minecraft:birch_sign":18,"minecraft:blue_wool":2060,"minecraft:oak_sign":1,"minecraft:redstone_block":64,"minecraft:observer":3,"minecraft:pink_wool":208},"minecraft:custom":{"minecraft:time_since_rest":1038644,"minecraft:play_one_minute":1038644,"minecraft:crouch_one_cm":1830,"minecraft:sprint_one_cm":339257,"minecraft:walk_one_cm":1507720,"minecraft:sneak_time":6884,"minecraft:drop":1,"minecraft:jump":1583,"minecraft:leave_game":12,"minecraft:time_since_death":1038644,"minecraft:fly_one_cm":3091027},"minecraft:dropped":{"minecraft:blue_wool":1},"minecraft:picked_up":{"minecraft:blue_wool":1,"minecraft:item_frame":2,"minecraft:repeater":35,"minecraft:redstone_lamp":1,"minecraft:lever":27,"minecraft:iron_block":1,"minecraft:birch_sign":3,"minecraft:redstone_torch":172,"minecraft:redstone":482,"minecraft:crimson_sign":7,"minecraft:dirt":137}},"DataVersion":2584}