{"stats":{"minecraft:custom":{"minecraft:time_since_rest":1023074,"minecraft:play_one_minute":1024088,"minecraft:crouch_one_cm":11155,"minecraft:sprint_one_cm":196218,"minecraft:deaths":2,"minecraft:walk_one_cm":1445184,"minecraft:sneak_time":22080,"minecraft:drop":3,"minecraft:jump":1640,"minecraft:leave_game":14,"minecraft:time_since_death":1023054,"minecraft:fly_one_cm":3413231},"minecraft:picked_up":{"minecraft:wooden_axe":2,"minecraft:repeater":31,"minecraft:oak_sign":6,"minecraft:lever":26,"minecraft:iron_block":1,"minecraft:redstone_torch":180,"minecraft:warped_button":3,"minecraft:grass_block":1,"minecraft:redstone":463},"minecraft:dropped":{"minecraft:iron_block":1,"minecraft:oak_sign":1,"minecraft:grass_block":1},"minecraft:used":{"minecraft:redstone_torch":636,"minecraft:stripped_crimson_stem":1,"minecraft:sticky_piston":3,"minecraft:white_wool":5,"minecraft:dirt":4,"minecraft:lever":166,"minecraft:diamond_block":4,"minecraft:repeater":229,"minecraft:iron_block":2126,"minecraft:grass_block":197,"minecraft:light_blue_wool":83,"minecraft:redstone":3217,"minecraft:lime_wool":30,"minecraft:orange_wool":20,"minecraft:blue_wool":172,"minecraft:oak_sign":96,"minecraft:warped_button":2,"minecraft:smooth_quartz":1,"minecraft:pink_wool":397,"minecraft:redstone_lamp":141}},"DataVersion":2584}